Name,GP,MIN,PTS,FGM,FGA,FG%,3P Made,3PA,3P%,FTM,FTA,FT%,OREB,DREB,REB,AST,STL,BLK,TOV,TARGET_5Yrs,id
Brandon Ingram,36,27.4,7.4,2.6,7.6,34.7,0.5,2.1,25.0,1.6,2.3,69.9,0.7,3.4,4.1,1.9,0.4,0.4,1.3,0.0,1
Andrew Harrison,35,26.9,7.2,2.0,6.7,29.6,0.7,2.8,23.5,2.6,3.4,76.5,0.5,2.0,2.4,3.7,1.1,0.5,1.6,0.0,2
JaKarr Sampson,74,15.3,5.2,2.0,4.7,42.2,0.4,1.7,24.4,0.9,1.3,67.0,0.5,1.7,2.2,1.0,0.5,0.3,1.0,0.0,3
Malik Sealy,58,11.6,5.7,2.3,5.5,42.6,0.1,0.5,22.6,0.9,1.3,68.9,1.0,0.9,1.9,0.8,0.6,0.1,1.0,1.0,4
Matt Geiger,48,11.5,4.5,1.6,3.0,52.4,0.0,0.1,0.0,1.3,1.9,67.4,1.0,1.5,2.5,0.3,0.3,0.4,0.8,1.0,5
Tony Bennett,75,11.4,3.7,1.5,3.5,42.3,0.3,1.1,32.5,0.4,0.5,73.2,0.2,0.7,0.8,1.8,0.4,0.0,0.7,0.0,6
Don MacLean,62,10.9,6.6,2.5,5.8,43.5,0.0,0.1,50.0,1.5,1.8,81.1,0.5,1.4,2.0,0.6,0.2,0.1,0.7,1.0,7
Tracy Murray,48,10.3,5.7,2.3,5.4,41.5,0.4,1.5,30.0,0.7,0.8,87.5,0.8,0.9,1.7,0.2,0.2,0.1,0.7,1.0,8
Duane Cooper,65,9.9,2.4,1.0,2.4,39.2,0.1,0.5,23.3,0.4,0.5,71.4,0.2,0.6,0.8,2.3,0.3,0.0,1.1,0.0,9
Dave Johnson,42,8.5,3.7,1.4,3.5,38.3,0.1,0.3,21.4,1.0,1.4,67.8,0.4,0.7,1.1,0.3,0.2,0.0,0.7,0.0,10
Corey Williams,35,6.9,2.3,0.9,2.4,36.5,0.0,0.1,33.3,0.5,0.6,81.8,0.5,0.3,0.9,0.7,0.1,0.1,0.3,0.0,11
Sam Mack,40,6.7,3.6,1.2,3.0,39.8,0.1,0.6,13.6,1.1,1.5,77.6,0.5,0.8,1.2,0.4,0.3,0.1,0.6,1.0,12
Lorenzo Williams,27,6.6,1.3,0.6,1.3,47.2,0.0,0.0,0.0,0.1,0.3,28.6,0.6,1.4,2.0,0.2,0.2,0.6,0.3,1.0,13
P.J. Hairston,45,15.3,5.6,1.9,6.0,32.3,1.1,3.6,30.1,0.7,0.8,86.1,0.5,1.6,2.0,0.5,0.5,0.3,0.5,0.0,14
Elmore Spencer,44,6.4,2.4,1.0,1.9,53.7,0.0,0.0,0.0,0.4,0.7,50.0,0.4,1.0,1.4,0.2,0.2,0.4,0.6,1.0,15
John Crotty,40,6.1,2.6,0.9,1.8,51.4,0.1,0.4,14.3,0.7,1.0,68.4,0.1,0.3,0.4,1.4,0.3,0.0,0.8,1.0,16
Stephen Howard,49,5.3,2.1,0.7,1.9,37.6,0.0,0.0,0.0,0.7,1.1,64.2,0.5,0.7,1.2,0.2,0.3,0.2,0.5,0.0,17
Randy Woods,41,4.2,1.7,0.6,1.6,34.8,0.1,0.3,21.4,0.5,0.6,73.1,0.1,0.2,0.3,1.0,0.3,0.0,0.4,0.0,18
Larry Johnson,82,37.2,19.2,7.5,15.3,49.0,0.1,0.3,22.7,4.1,5.0,82.9,3.9,7.0,11.0,3.6,1.0,0.6,1.9,0.0,19
Larry Johnson,82,37.2,19.2,7.5,15.3,49.0,0.1,0.3,22.7,4.1,5.0,82.9,3.9,7.0,11.0,3.6,1.0,0.6,1.9,1.0,20
Billy Owens,80,31.4,14.3,5.9,11.1,52.5,0.0,0.1,11.1,2.6,3.9,65.4,3.0,5.0,8.0,2.4,1.1,0.8,2.2,1.0,21
Stacey Augmon,82,30.5,13.3,5.4,11.0,48.9,0.0,0.1,16.7,2.6,3.9,66.6,2.3,2.8,5.1,2.5,1.5,0.3,2.2,1.0,22
Mark Macon,76,30.3,10.6,4.4,11.7,37.5,0.1,0.4,13.3,1.8,2.4,73.0,1.1,1.8,2.9,2.2,2.0,0.2,2.0,1.0,23
Steven Smith,61,29.6,12.0,4.9,10.7,45.4,0.7,2.0,32.0,1.6,2.1,74.8,1.3,1.8,3.1,4.6,1.0,0.3,2.5,0.0,24
Mitch McGary,32,15.2,6.3,2.8,5.2,53.3,0.0,0.1,0.0,0.8,1.3,62.5,1.7,3.5,5.2,0.4,0.5,0.5,1.0,0.0,25
Larry Stewart,76,29.3,10.4,4.0,7.8,51.4,0.0,0.0,0.0,2.5,3.1,80.7,2.4,3.5,5.9,1.6,0.7,0.6,1.5,1.0,26
Mike Iuzzolino,52,24.6,9.3,3.1,6.8,45.1,1.1,2.6,43.4,2.1,2.5,83.6,0.5,1.4,1.9,3.7,0.6,0.0,1.8,0.0,27
Doug Smith,76,22.5,8.8,3.8,9.2,41.5,0.0,0.1,0.0,1.2,1.6,73.6,1.7,3.4,5.1,1.7,0.8,0.5,1.3,1.0,28
Paul Graham,78,22.0,10.1,3.9,8.7,44.7,0.7,1.8,39.0,1.6,2.2,74.1,0.9,2.0,3.0,2.2,1.2,0.3,1.2,0.0,29
Donald Hodge,51,20.7,8.4,3.2,6.4,49.7,0.0,0.0,0.0,2.0,2.9,66.7,2.3,3.1,5.4,0.8,0.5,0.5,1.5,1.0,30
Dale Davis,64,20.3,6.2,2.4,4.4,55.2,0.0,0.0,0.0,1.4,2.4,57.2,2.5,3.9,6.4,0.5,0.4,1.2,0.8,1.0,31
Stanley Roberts,55,20.3,10.4,4.3,8.1,52.9,0.0,0.0,0.0,1.8,3.6,51.5,2.1,4.1,6.1,0.7,0.4,1.5,1.4,1.0,32
Terrell Brandon,82,19.6,7.4,3.1,7.3,41.9,0.0,0.3,4.3,1.2,1.5,80.6,0.6,1.4,2.0,3.9,1.0,0.3,1.7,1.0,33
Bison Dele,48,18.9,9.1,3.6,6.8,52.8,0.0,0.0,0.0,2.0,3.0,66.9,2.4,3.3,5.7,0.7,0.8,1.1,1.8,1.0,34
Spencer Dinwiddie,34,13.4,4.3,1.5,5.0,30.2,0.4,1.9,18.5,0.9,1.0,91.2,0.1,1.3,1.4,3.1,0.6,0.2,1.0,0.0,35
Tracy Moore,42,18.6,8.5,3.1,7.7,40.0,0.7,2.0,35.7,1.5,1.9,83.3,0.7,1.2,2.0,1.1,0.8,0.1,1.1,1.0,36
Greg Anthony,82,18.4,5.5,2.0,5.3,37.0,0.1,0.7,14.5,1.4,1.9,74.1,0.4,1.3,1.7,3.8,0.7,0.1,1.2,1.0,37
Kenny Anderson,64,17.0,7.0,2.9,7.5,39.0,0.0,0.2,23.1,1.1,1.5,74.5,0.6,1.4,2.0,3.2,1.1,0.1,1.5,1.0,38
Victor Alexander,80,16.9,7.4,3.0,5.7,52.9,0.0,0.0,0.0,1.3,1.9,69.1,1.3,2.9,4.2,0.4,0.6,0.8,1.1,1.0,39
David Benoit,77,15.1,5.6,2.3,4.9,46.7,0.0,0.2,21.4,1.1,1.3,81.0,1.4,2.5,3.8,0.4,0.3,0.6,0.9,1.0,40
Kevin Lynch,55,14.9,4.1,1.7,4.1,41.7,0.1,0.1,37.5,0.6,0.8,76.1,0.5,1.0,1.5,1.5,0.7,0.2,0.8,0.0,41
LaBradford Smith,48,14.8,5.1,2.1,5.1,40.7,0.0,0.4,9.5,0.9,1.2,80.4,0.6,1.1,1.7,2.1,0.9,0.0,1.3,0.0,42
Chris Corchiani,51,14.5,5.0,1.5,3.8,39.9,0.2,0.7,27.0,1.8,2.0,87.5,0.4,1.2,1.5,2.8,0.9,0.0,1.4,0.0,43
Travis Wear,51,13.2,3.9,1.6,4.1,40.2,0.2,0.6,36.7,0.4,0.5,76.9,0.6,1.5,2.1,0.8,0.3,0.2,0.7,0.0,44
Robert Pack,72,12.4,4.6,1.6,3.8,42.3,0.0,0.1,0.0,1.4,1.8,80.3,0.4,0.9,1.3,1.9,0.6,0.1,1.3,1.0,45
Pete Chilcutt,69,11.8,3.6,1.6,3.6,45.2,0.0,0.0,100.0,0.3,0.4,82.1,1.1,1.6,2.7,0.6,0.5,0.3,0.6,1.0,46
Chris Gatling,54,11.3,5.7,2.2,3.8,56.8,0.0,0.1,0.0,1.3,2.0,66.1,1.4,2.0,3.4,0.3,0.6,0.7,0.8,1.0,47
Tharon Mayes,24,10.6,4.1,1.3,4.1,30.3,0.6,1.7,36.6,1.0,1.5,66.7,0.1,0.5,0.7,1.5,0.7,0.1,1.3,0.0,48
Eric Murdock,50,9.6,4.1,1.5,3.7,41.5,0.1,0.5,19.2,0.9,1.2,75.4,0.4,0.7,1.1,1.8,0.6,0.1,1.0,1.0,49
Randy Brown,56,9.6,3.4,1.4,3.0,45.6,0.0,0.1,0.0,0.7,1.0,65.5,0.5,0.8,1.2,1.1,0.6,0.2,0.8,1.0,50
Greg Sutton,67,9.0,3.7,1.4,3.6,38.8,0.4,1.3,29.2,0.5,0.7,75.6,0.1,0.6,0.7,1.4,0.4,0.1,1.0,0.0,51
Elliot Perry,50,8.7,2.5,1.0,2.6,38.0,0.0,0.1,14.3,0.5,0.8,65.9,0.3,0.5,0.8,1.6,0.7,0.1,1.0,1.0,52
Marty Conlon,45,8.5,2.7,1.1,2.2,47.5,0.0,0.0,0.0,0.5,0.7,75.0,0.7,0.8,1.5,0.3,0.2,0.2,0.6,1.0,53
Rodney Monroe,38,8.2,3.4,1.4,3.8,36.8,0.2,0.7,22.2,0.5,0.6,82.6,0.3,0.6,0.9,0.7,0.3,0.1,0.6,0.0,54
John Turner,42,8.2,2.8,1.0,2.3,43.9,0.0,0.0,0.0,0.7,1.4,52.5,0.9,1.0,1.9,0.3,0.1,0.1,0.8,0.0,55
Mark Randall,54,8.2,3.2,1.3,2.8,45.6,0.1,0.3,18.8,0.6,0.8,74.4,0.7,0.6,1.3,0.6,0.2,0.1,0.5,0.0,56
Sean Green,35,7.3,4.0,1.8,4.5,39.2,0.1,0.3,20.0,0.4,0.8,53.6,0.6,0.6,1.2,0.6,0.4,0.2,0.8,0.0,57
Kevin Brooks,37,7.3,2.8,1.2,2.6,44.3,0.1,0.3,18.2,0.5,0.6,81.0,0.4,0.7,1.1,0.3,0.2,0.1,0.5,0.0,58
Doug Lee,46,6.7,2.6,1.1,2.5,43.1,0.2,0.8,27.0,0.2,0.4,52.6,0.4,0.4,0.8,0.5,0.2,0.0,0.3,0.0,59
Corey Crowder,51,6.4,2.2,0.8,2.2,38.4,0.3,0.6,43.3,0.3,0.4,83.3,0.3,0.5,0.8,0.3,0.1,0.0,0.3,0.0,60
Rich King,40,5.3,2.2,0.7,1.8,38.0,0.0,0.0,0.0,0.9,1.1,75.6,0.5,0.7,1.2,0.3,0.1,0.1,0.5,0.0,61
Stephen Thompson,19,4.8,1.6,0.7,1.9,37.8,0.0,0.1,0.0,0.2,0.4,37.5,0.6,0.4,1.0,0.4,0.3,0.2,0.3,0.0,62
Charles Thomas,36,4.3,1.3,0.5,1.4,35.3,0.1,0.5,11.8,0.3,0.4,66.7,0.2,0.4,0.6,0.6,0.1,0.0,0.5,0.0,63
Lionel Simmons,79,37.7,18.0,6.9,16.5,42.2,0.0,0.1,27.3,4.1,5.5,73.6,2.4,6.4,8.8,4.0,1.4,1.1,2.9,1.0,64
Gary Harris,55,13.1,3.4,1.2,3.9,30.4,0.4,1.9,20.4,0.6,0.9,74.5,0.4,0.8,1.2,0.5,0.7,0.1,0.7,0.0,65
Derrick Coleman,74,35.2,18.4,6.9,14.9,46.7,0.2,0.5,34.2,4.4,6.0,73.1,3.6,6.6,10.3,2.2,1.0,1.3,2.9,1.0,66
Travis Mays,64,33.5,14.3,4.6,11.3,40.6,1.1,3.1,36.5,4.0,5.2,77.0,0.8,1.9,2.8,4.0,1.3,0.2,2.5,0.0,67
Dennis Scott,82,28.5,15.7,6.1,14.4,42.5,1.5,4.1,37.4,1.9,2.5,75.0,0.8,2.1,2.9,1.6,0.8,0.3,1.6,1.0,68
Gary Payton*,82,27.4,7.2,3.2,7.0,45.0,0.0,0.2,7.7,0.8,1.2,71.1,1.3,1.6,3.0,6.4,2.0,0.2,2.2,1.0,69
Felton Spencer,81,25.9,7.1,2.4,4.7,51.2,0.0,0.0,0.0,2.2,3.1,72.2,3.4,4.6,7.9,0.3,0.6,1.5,0.9,1.0,70
Willie Burton,76,25.4,12.0,4.5,10.2,44.1,0.1,0.4,13.3,3.0,3.9,78.2,1.5,2.0,3.4,1.4,0.9,0.3,1.9,1.0,71
Dee Brown,82,23.7,8.7,3.5,7.5,46.4,0.1,0.4,20.6,1.7,1.9,87.3,0.5,1.7,2.2,4.2,1.0,0.2,1.7,0.0,72
Dee Brown,82,23.7,8.7,3.5,7.5,46.4,0.1,0.4,20.6,1.7,1.9,87.3,0.5,1.7,2.2,4.2,1.0,0.2,1.7,1.0,73
Dee Brown,49,9.2,1.9,0.7,2.0,32.7,0.1,0.6,21.4,0.5,0.8,64.9,0.2,0.7,0.8,1.7,0.5,0.1,0.6,0.0,74
Dee Brown,49,9.2,1.9,0.7,2.0,32.7,0.1,0.6,21.4,0.5,0.8,64.9,0.2,0.7,0.8,1.7,0.5,0.1,0.6,1.0,75
Kendall Gill,82,23.7,11.0,4.6,10.2,45.0,0.0,0.2,14.3,1.9,2.2,83.5,1.3,1.9,3.2,3.7,1.3,0.5,2.0,1.0,76
Duane Causwell,76,22.6,6.9,2.8,5.4,50.8,0.0,0.0,0.0,1.4,2.2,63.6,1.9,3.3,5.1,0.9,0.6,1.9,1.3,1.0,77
Mahmoud Abdul-Rauf,67,22.5,14.1,6.2,15.1,41.3,0.4,1.5,24.0,1.3,1.5,85.7,0.5,1.3,1.8,3.1,0.8,0.1,1.6,1.0,78
A.J. English,70,20.6,8.8,3.6,8.2,43.9,0.0,0.4,9.7,1.6,2.2,70.7,0.9,1.2,2.1,2.5,0.4,0.2,1.6,0.0,79
Danny Ferry,81,20.5,8.6,3.4,7.9,42.8,0.3,1.0,29.9,1.5,1.9,81.6,1.2,2.3,3.5,1.8,0.5,0.3,1.5,1.0,80
Mario Elie,33,19.5,7.2,2.4,4.8,49.7,0.1,0.3,40.0,2.3,2.7,84.3,1.4,1.9,3.3,1.4,0.6,0.3,0.9,1.0,81
Anthony Cook,58,19.3,5.3,2.0,4.9,41.7,0.0,0.1,0.0,1.2,2.2,55.0,2.3,3.3,5.6,0.4,0.6,1.2,0.9,0.0,82
Gerald Paddio,70,16.9,7.2,3.0,7.2,41.9,0.1,0.3,25.0,1.1,1.3,79.6,0.5,1.1,1.7,1.3,0.3,0.1,1.0,0.0,83
Bimbo Coles,82,16.5,4.9,2.0,4.8,41.2,0.1,0.4,17.6,0.9,1.2,74.7,0.7,1.2,1.9,2.8,0.8,0.1,1.2,1.0,84
Bo Kimble,62,16.2,6.9,2.6,6.7,38.0,0.3,1.0,29.2,1.5,1.9,77.3,0.7,1.2,1.9,1.2,0.5,0.1,1.2,0.0,85
Alec Kessler,78,16.1,6.2,2.6,6.0,42.5,0.0,0.1,0.0,1.1,1.7,67.2,1.5,2.8,4.3,0.4,0.2,0.3,1.4,0.0,86
Loy Vaught,73,16.1,5.5,2.4,4.9,48.7,0.0,0.0,0.0,0.7,1.0,66.2,1.7,3.1,4.8,0.5,0.3,0.3,0.7,1.0,87
Tyrone Hill,74,16.1,5.3,2.0,4.0,49.2,0.0,0.0,0.0,1.3,2.1,63.2,2.1,3.1,5.2,0.3,0.5,0.4,1.0,1.0,88
Marcus Liberty,76,15.4,6.7,2.8,6.8,42.1,0.2,0.8,29.8,0.8,1.2,63.0,1.5,1.4,2.9,0.8,0.6,0.3,0.9,0.0,89
Terry Mills,55,14.9,5.7,2.4,5.2,46.5,0.0,0.1,0.0,0.9,1.2,71.2,1.5,2.7,4.2,0.6,0.6,0.5,0.8,1.0,90
Jamal Robinson,47,14.3,5.6,2.3,5.1,44.6,0.0,0.2,18.2,1.0,1.7,58.8,0.4,1.1,1.5,2.8,0.7,0.2,1.6,0.0,91
Henry James,37,13.6,8.1,3.0,6.9,44.1,0.6,1.6,40.0,1.4,1.9,72.2,0.7,1.4,2.1,0.9,0.4,0.1,1.0,1.0,92
Jerrod Mustaf,62,13.3,4.3,1.7,3.7,46.5,0.0,0.0,0.0,0.9,1.4,64.4,0.8,1.9,2.7,0.6,0.2,0.2,1.0,0.0,93
Kevin Pritchard,62,12.5,3.9,1.4,3.7,38.4,0.1,0.5,16.1,1.0,1.2,80.5,0.3,0.8,1.0,1.3,0.5,0.1,0.9,0.0,94
Gerald Glass,51,11.9,6.9,2.9,6.7,43.8,0.0,0.3,11.8,1.0,1.5,68.4,1.1,0.9,2.0,0.8,0.6,0.2,0.8,0.0,95
Larry Robinson,36,11.8,3.9,1.7,4.2,41.3,0.0,0.0,0.0,0.4,0.8,55.6,0.8,0.6,1.4,1.0,0.4,0.0,0.8,1.0,96
Jud Buechler,74,11.6,3.1,1.3,3.1,41.6,0.0,0.1,25.0,0.6,0.9,65.2,0.8,1.1,1.9,0.7,0.5,0.2,0.3,1.0,97
Cedric Ceballos,63,11.6,8.2,3.2,6.7,48.7,0.0,0.1,16.7,1.7,2.6,66.3,1.2,1.2,2.4,0.6,0.3,0.1,1.1,1.0,98
Kyle Anderson,33,10.8,2.2,0.9,2.7,34.8,0.1,0.3,27.3,0.3,0.4,64.3,0.2,2.0,2.2,0.8,0.5,0.2,0.3,0.0,99
Greg Foster,54,11.2,4.4,1.8,3.9,46.0,0.0,0.1,0.0,0.8,1.1,68.9,1.0,1.8,2.8,0.7,0.2,0.4,0.8,1.0,100
Brian Oliver,73,11.0,3.8,1.5,3.7,40.8,0.1,0.2,27.8,0.7,1.0,73.2,0.2,0.8,1.1,1.2,0.5,0.1,0.7,0.0,101
Howard Wright,15,10.9,3.6,1.3,3.1,40.4,0.0,0.1,0.0,1.1,1.6,66.7,0.8,2.2,3.0,0.2,0.3,0.3,0.7,0.0,102
Tony Smith,64,10.9,3.7,1.5,3.4,44.1,0.0,0.1,0.0,0.6,0.9,70.2,0.4,0.7,1.1,2.1,0.4,0.2,1.1,1.0,103
Tate George,56,10.6,3.4,1.4,3.4,41.5,0.0,0.0,0.0,0.6,0.7,80.0,0.3,0.5,0.8,1.9,0.5,0.1,0.8,0.0,104
Rick Calloway,64,10.6,3.2,1.2,3.0,39.1,0.0,0.0,0.0,0.9,1.2,69.6,0.4,0.8,1.2,1.0,0.3,0.1,0.8,0.0,105
Steve Henson,68,10.1,3.1,1.2,2.8,41.8,0.3,0.8,33.3,0.6,0.6,90.5,0.2,0.5,0.8,1.9,0.5,0.0,0.6,1.0,106
Andy Toolson,47,10.0,2.9,1.1,2.6,40.3,0.3,0.7,37.5,0.5,0.7,75.8,0.7,0.7,1.4,0.7,0.3,0.0,0.5,0.0,107
Jayson Williams,52,9.8,3.5,1.4,3.1,44.7,0.0,0.0,50.0,0.7,1.1,66.1,0.8,1.3,2.1,0.3,0.2,0.1,0.8,1.0,108
Kennard Winchester,64,9.5,3.7,1.5,3.8,40.0,0.1,0.3,40.0,0.5,0.7,77.8,0.5,0.5,1.0,0.4,0.3,0.2,0.5,0.0,109
Johnny O'Bryant,34,10.8,2.9,1.3,3.5,36.7,0.0,0.0,0.0,0.4,0.8,44.4,0.8,1.1,1.9,0.5,0.1,0.1,0.7,0.0,110
Dwayne Schintzius,42,9.5,3.8,1.6,3.7,43.9,0.0,0.0,0.0,0.5,1.0,55.0,0.7,2.2,2.9,0.4,0.1,0.7,0.8,1.0,111
Sean Higgins,50,9.3,4.5,1.9,4.2,45.8,0.1,0.4,15.8,0.6,0.7,84.8,0.4,0.9,1.3,0.7,0.2,0.0,1.0,1.0,112
Elden Campbell,52,7.3,2.8,1.1,2.4,45.5,0.0,0.0,0.0,0.6,0.9,65.3,0.8,1.1,1.8,0.2,0.2,0.7,0.3,1.0,113
Kenny Williams,75,7.0,2.9,1.2,2.4,52.0,0.0,0.0,0.0,0.5,0.7,68.0,0.7,1.0,1.7,0.4,0.1,0.4,0.6,0.0,114
Keith Askins,39,6.8,2.2,0.9,2.1,42.0,0.2,0.6,24.0,0.3,0.6,48.0,0.8,1.0,1.7,0.5,0.4,0.3,0.3,1.0,115
Scott Williams,51,6.6,2.5,1.0,2.0,51.0,0.0,0.0,50.0,0.4,0.5,71.4,0.8,1.1,1.9,0.3,0.2,0.3,0.5,1.0,116
Richard Coffey,52,6.2,1.3,0.5,1.4,37.3,0.0,0.0,0.0,0.2,0.4,54.5,0.8,0.7,1.5,0.1,0.1,0.1,0.1,0.0,117
Steve Scheffler,39,5.8,1.5,0.5,1.0,51.3,0.0,0.0,0.0,0.5,0.5,90.5,0.5,0.6,1.2,0.2,0.1,0.1,0.1,1.0,118
David Robinson*,82,36.6,24.3,8.4,15.9,53.1,0.0,0.0,0.0,7.5,10.2,73.2,3.7,8.3,12.0,2.0,1.7,3.9,3.1,1.0,119
James Young,31,10.7,3.4,1.2,3.3,35.3,0.5,2.1,25.8,0.5,0.9,55.2,0.3,1.1,1.4,0.4,0.3,0.1,0.2,0.0,120
Tim Hardaway,79,33.7,14.7,5.9,12.5,47.1,0.3,1.1,27.4,2.7,3.5,76.4,0.7,3.2,3.9,8.7,2.1,0.1,3.3,0.0,121
Tim Hardaway,79,33.7,14.7,5.9,12.5,47.1,0.3,1.1,27.4,2.7,3.5,76.4,0.7,3.2,3.9,8.7,2.1,0.1,3.3,1.0,122
J.R. Reid,82,33.6,11.1,4.4,9.9,44.0,0.0,0.1,0.0,2.3,3.5,66.4,2.4,6.0,8.4,1.2,1.1,0.7,2.1,1.0,123
Pooh Richardson,82,31.5,11.4,5.2,11.3,46.1,0.3,1.0,27.7,0.8,1.3,58.9,0.7,2.0,2.6,6.8,1.6,0.3,1.7,1.0,124
Sherman Douglas,81,30.5,14.3,5.7,11.6,49.4,0.1,0.4,16.1,2.8,4.0,68.7,0.9,1.7,2.5,7.6,1.8,0.1,3.0,1.0,125
Sam Mitchell,80,30.2,12.7,4.7,10.4,44.6,0.0,0.1,0.0,3.4,4.4,76.8,2.3,3.5,5.8,1.1,0.8,0.7,1.2,1.0,126
Glen Rice,77,30.0,13.6,6.1,13.9,43.9,0.2,0.9,24.6,1.2,1.6,73.4,1.3,3.3,4.6,1.8,0.9,0.3,1.5,1.0,127
Glen Rice,77,30.0,13.6,6.1,13.9,43.9,0.2,0.9,24.6,1.2,1.6,73.4,1.3,3.3,4.6,1.8,0.9,0.3,1.5,0.0,128
Mookie Blaylock,50,25.3,10.1,4.2,11.4,37.1,0.4,1.6,22.5,1.3,1.6,77.8,0.8,2.0,2.8,4.2,1.6,0.3,2.2,1.0,129
Sean Elliott,81,25.1,10.0,3.8,8.0,48.1,0.0,0.1,11.1,2.3,2.7,86.6,1.6,2.1,3.7,1.9,0.6,0.2,1.4,1.0,130
Blue Edwards,82,23.0,8.9,3.5,6.9,50.7,0.1,0.4,30.0,1.8,2.5,71.9,0.8,2.2,3.1,1.8,0.9,0.4,1.9,1.0,131
Cory Jefferson,50,10.6,3.7,1.5,3.3,44.9,0.0,0.3,13.3,0.6,1.1,57.4,0.9,2.0,2.9,0.3,0.2,0.4,0.4,0.0,132
Nick Anderson,81,22.0,11.5,4.6,9.3,49.4,0.0,0.2,5.9,2.3,3.3,70.5,1.3,2.6,3.9,1.5,0.8,0.4,1.7,1.0,133
Stacey King,82,21.7,8.9,3.3,6.5,50.4,0.0,0.0,0.0,2.4,3.3,72.7,2.1,2.6,4.7,1.1,0.5,0.7,1.4,1.0,134
Dana Barros,81,20.1,9.7,3.7,9.1,40.5,1.2,2.9,39.9,1.1,1.4,80.9,0.4,1.2,1.6,2.5,0.7,0.0,1.5,1.0,135
Jeff Martin,69,19.6,6.3,2.5,6.0,41.1,0.0,0.2,13.3,1.3,1.9,70.5,1.1,1.2,2.3,0.6,0.6,0.2,0.7,0.0,136
Clifford Robinson,82,19.1,9.1,3.6,9.2,39.7,0.1,0.5,27.3,1.7,3.1,55.0,1.3,2.4,3.8,0.9,0.7,0.7,1.6,1.0,137
Winston Bennett,55,18.0,6.1,2.5,5.2,47.9,0.0,0.0,0.0,1.2,1.7,66.7,1.5,1.9,3.4,1.0,0.4,0.2,1.1,0.0,138
Chucky Brown,75,17.9,7.3,2.8,6.0,47.0,0.0,0.1,0.0,1.7,2.2,76.2,1.1,2.0,3.1,0.7,0.4,0.3,0.9,1.0,139
Michael Ansley,72,17.0,8.7,3.2,6.5,49.7,0.0,0.0,0.0,2.3,3.2,72.2,2.6,2.4,5.0,0.6,0.3,0.2,0.7,0.0,140
Todd Lichti,79,16.8,8.0,3.2,6.5,48.6,0.0,0.2,0.0,1.6,2.2,74.7,0.6,1.3,1.9,1.5,0.7,0.2,1.2,1.0,141
Noah Vonleh,25,10.4,3.3,1.2,3.0,39.5,0.2,0.5,38.5,0.7,1.0,69.2,1.1,2.3,3.4,0.2,0.2,0.4,0.4,0.0,142
B.J. Armstrong,81,15.9,5.6,2.3,4.8,48.5,0.0,0.1,50.0,0.9,1.0,88.5,0.2,1.0,1.3,2.5,0.6,0.1,1.0,1.0,143
Terry Davis,63,14.0,4.7,1.9,4.2,46.6,0.0,0.0,0.0,0.9,1.4,62.1,1.5,2.2,3.6,0.4,0.4,0.4,1.1,1.0,144
Shawn Kemp,81,13.8,6.5,2.5,5.2,47.9,0.0,0.1,16.7,1.4,2.0,73.6,1.8,2.5,4.3,0.3,0.6,0.9,1.3,1.0,145
Tom Hammonds,61,13.2,5.3,2.1,4.8,43.7,0.0,0.0,0.0,1.0,1.6,64.3,1.0,1.8,2.8,0.8,0.2,0.2,0.8,1.0,146
Scott Haffner,43,13.0,4.6,2.0,5.0,40.6,0.1,0.5,14.3,0.4,0.6,68.0,0.2,1.0,1.2,1.9,0.3,0.1,0.8,0.0,147
Randy White,55,12.9,4.3,1.7,4.6,36.9,0.0,0.3,7.1,0.9,1.6,56.2,1.4,1.7,3.1,0.4,0.4,0.1,0.8,1.0,148
Kenny Battle,59,12.4,4.1,1.6,2.9,54.7,0.0,0.1,25.0,0.9,1.4,67.1,0.7,1.4,2.1,0.6,0.6,0.2,0.5,0.0,149
Donald Royal,66,11.3,5.9,1.8,3.9,45.9,0.0,0.0,0.0,2.3,3.0,77.7,1.0,1.0,2.1,0.7,0.5,0.1,1.2,1.0,150
Michael Carter-Williams,70,34.5,16.7,6.1,15.1,40.5,0.8,3.0,26.4,3.7,5.2,70.3,1.4,4.8,6.2,6.3,1.9,0.6,3.5,0.0,151
Delaney Rudd,77,11.0,3.5,1.4,3.4,42.9,0.2,0.7,28.6,0.5,0.7,66.0,0.2,0.6,0.7,2.3,0.3,0.0,1.1,0.0,152
John Morton,37,10.9,3.9,1.3,4.4,29.8,0.2,0.8,23.3,1.2,1.7,69.4,0.2,0.7,0.9,1.8,0.5,0.1,1.4,0.0,153
Greg Grant,67,10.1,3.1,1.2,3.2,38.4,0.0,0.2,18.8,0.6,0.9,66.1,0.2,0.6,0.9,2.5,0.5,0.0,1.1,1.0,154
Doug Roth,42,9.8,1.9,0.9,2.0,43.0,0.0,0.0,0.0,0.2,0.3,50.0,1.0,1.8,2.9,0.5,0.2,0.3,0.4,0.0,155
Byron Irvin,50,9.8,5.2,1.9,4.1,47.3,0.1,0.3,35.7,1.2,1.8,67.0,0.6,0.9,1.5,0.9,0.6,0.0,0.8,0.0,156
Michael Smith,65,9.5,5.0,2.1,4.4,47.6,0.0,0.4,7.1,0.8,1.0,82.8,0.6,0.9,1.5,1.2,0.1,0.0,0.8,0.0,157
Michael Smith,65,9.5,5.0,2.1,4.4,47.6,0.0,0.4,7.1,0.8,1.0,82.8,0.6,0.9,1.5,1.2,0.1,0.0,0.8,1.0,158
Michael Smith,82,21.2,6.9,2.7,5.0,54.2,0.0,0.0,0.0,1.5,3.2,48.5,2.1,3.8,5.9,0.8,0.7,0.6,1.3,0.0,159
Michael Smith,82,21.2,6.9,2.7,5.0,54.2,0.0,0.0,0.0,1.5,3.2,48.5,2.1,3.8,5.9,0.8,0.7,0.6,1.3,1.0,160
George McCloud,44,9.4,2.7,1.0,3.3,31.3,0.3,0.9,32.5,0.3,0.4,78.9,0.3,0.7,1.0,1.0,0.4,0.1,0.8,1.0,161
Henry Turner,36,8.8,4.3,1.6,3.4,47.5,0.0,0.1,0.0,1.1,1.8,61.5,0.6,0.8,1.4,0.6,0.5,0.2,0.7,0.0,162
Charles Smith,60,8.7,2.9,1.0,2.2,44.4,0.0,0.1,0.0,0.9,1.3,69.7,0.2,0.9,1.2,1.7,0.6,0.1,0.6,1.0,163
Charles Smith,60,8.7,2.9,1.0,2.2,44.4,0.0,0.1,0.0,0.9,1.3,69.7,0.2,0.9,1.2,1.7,0.6,0.1,0.6,1.0,164
Charles Smith,60,8.7,2.9,1.0,2.2,44.4,0.0,0.1,0.0,0.9,1.3,69.7,0.2,0.9,1.2,1.7,0.6,0.1,0.6,0.0,165
Charles Smith,71,30.4,16.3,6.1,12.4,49.5,0.0,0.0,0.0,4.0,5.5,72.5,2.4,4.1,6.5,1.5,1.0,1.3,2.1,1.0,166
Charles Smith,71,30.4,16.3,6.1,12.4,49.5,0.0,0.0,0.0,4.0,5.5,72.5,2.4,4.1,6.5,1.5,1.0,1.3,2.1,1.0,167
Charles Smith,71,30.4,16.3,6.1,12.4,49.5,0.0,0.0,0.0,4.0,5.5,72.5,2.4,4.1,6.5,1.5,1.0,1.3,2.1,0.0,168
Charles Smith,34,8.6,3.5,1.4,3.7,39.2,0.4,1.4,31.9,0.2,0.3,54.5,0.4,0.4,0.8,0.6,0.3,0.2,0.8,1.0,169
Charles Smith,34,8.6,3.5,1.4,3.7,39.2,0.4,1.4,31.9,0.2,0.3,54.5,0.4,0.4,0.8,0.6,0.3,0.2,0.8,1.0,170
Charles Smith,34,8.6,3.5,1.4,3.7,39.2,0.4,1.4,31.9,0.2,0.3,54.5,0.4,0.4,0.8,0.6,0.3,0.2,0.8,0.0,171
Ed Horton,45,8.3,4.5,1.8,3.6,49.4,0.0,0.1,0.0,0.9,1.5,60.9,1.3,1.1,2.4,0.4,0.2,0.1,0.9,0.0,172
Trey Burke,70,32.3,12.8,4.9,12.8,38.0,1.6,4.8,33.0,1.5,1.6,90.3,0.5,2.4,3.0,5.7,0.6,0.1,1.9,0.0,173
Frank Kornet,57,7.7,2.0,0.7,2.0,36.8,0.1,0.4,25.0,0.4,0.7,61.5,0.4,0.8,1.2,0.4,0.3,0.1,0.4,0.0,174
Doug West,52,7.3,2.6,1.0,2.6,39.3,0.1,0.2,27.3,0.5,0.6,81.3,0.5,0.9,1.3,0.3,0.2,0.1,0.6,1.0,175
Adrian Caldwell,51,6.5,1.9,0.8,1.5,55.3,0.0,0.0,0.0,0.3,0.5,46.4,0.7,1.4,2.1,0.1,0.2,0.3,0.6,1.0,176
Kenny Payne,35,6.2,3.3,1.3,3.1,43.5,0.1,0.3,40.0,0.5,0.5,88.9,0.3,0.4,0.7,0.3,0.2,0.2,0.6,0.0,177
Eric Johnson,48,5.7,1.1,0.4,1.8,23.8,0.0,0.1,16.7,0.3,0.4,76.5,0.2,0.4,0.6,1.3,0.3,0.0,0.5,0.0,178
Mike Williams,21,4.9,0.7,0.3,0.9,33.3,0.0,0.0,0.0,0.1,0.3,50.0,0.2,0.9,1.1,0.1,0.1,0.3,0.1,0.0,179
Mike Morrison,36,4.3,2.0,0.6,1.9,33.8,0.1,0.2,28.6,0.7,0.8,80.0,0.2,0.4,0.6,0.3,0.1,0.0,0.6,0.0,180
Nate Johnston,21,4.1,2.2,0.9,2.3,37.5,0.0,0.2,25.0,0.4,0.6,69.2,0.6,0.5,1.1,0.0,0.1,0.4,0.3,0.0,181
Mitch Richmond*,79,34.4,22.0,8.2,17.5,46.8,0.4,1.1,36.7,5.2,6.4,81.0,2.0,3.9,5.9,4.2,1.0,0.2,3.4,1.0,182
Willie Anderson,81,33.8,18.6,7.9,15.9,49.8,0.0,0.3,19.0,2.8,3.6,77.5,1.9,3.3,5.1,4.6,1.9,0.8,3.2,1.0,183
Victor Oladipo,80,31.1,13.8,4.9,11.7,41.9,0.9,2.8,32.7,3.1,4.0,78.0,0.5,3.6,4.1,4.1,1.6,0.5,3.2,0.0,184
Hersey Hawkins,79,32.6,15.1,5.6,12.3,45.5,0.9,2.1,42.8,3.1,3.7,83.1,0.6,2.2,2.8,3.0,1.5,0.5,2.0,1.0,185
Kevin Edwards,79,29.7,13.8,5.9,14.0,42.5,0.1,0.5,27.0,1.8,2.4,74.6,1.1,2.2,3.3,4.4,1.8,0.3,3.1,1.0,186
Grant Long,82,29.7,11.9,4.1,8.4,48.6,0.0,0.1,0.0,3.7,5.0,74.9,2.9,3.7,6.7,1.8,1.5,0.6,2.5,1.0,187
Rex Chapman,75,29.6,16.9,7.0,16.9,41.4,0.8,2.5,31.4,2.1,2.6,79.5,1.0,1.5,2.5,2.3,0.9,0.3,1.5,1.0,188
Brian Shaw,82,28.1,8.6,3.6,8.4,43.3,0.0,0.2,0.0,1.3,1.6,82.6,1.5,3.1,4.6,5.8,0.9,0.3,2.3,1.0,189
Chris Morris,76,27.6,14.1,5.4,11.9,45.7,0.8,2.3,36.6,2.4,3.3,71.7,2.5,2.8,5.2,1.6,1.3,0.8,2.5,1.0,190
Gary Grant,71,27.1,11.9,5.1,11.7,43.5,0.1,0.3,22.7,1.7,2.3,73.5,1.1,2.2,3.4,7.1,2.0,0.1,3.6,1.0,191
Vernon Maxwell,79,26.1,11.7,4.5,10.5,43.2,0.4,1.6,24.8,2.3,3.1,74.5,0.6,1.9,2.6,3.8,1.1,0.1,2.3,1.0,192
Ben McLemore,82,26.7,8.8,3.1,8.3,37.6,1.2,3.6,32.0,1.4,1.7,80.4,0.6,2.2,2.9,1.0,0.6,0.2,1.2,0.0,193
Dan Majerle,54,25.1,8.6,3.4,8.0,41.9,0.5,1.5,32.9,1.4,2.4,61.4,1.1,2.7,3.9,2.4,1.2,0.3,0.9,1.0,194
Sylvester Gray,55,22.2,8.0,3.0,7.2,42.0,0.0,0.1,25.0,1.9,2.8,67.3,2.1,3.1,5.2,2.1,0.7,0.5,1.9,0.0,195
Ricky Berry,64,22.0,11.0,4.0,8.9,45.0,1.0,2.5,40.6,2.0,2.6,78.9,0.9,2.2,3.1,1.3,0.6,0.3,1.3,0.0,196
Tom Garrick,71,21.1,6.4,2.5,5.1,49.0,0.0,0.2,0.0,1.4,1.8,80.3,0.5,1.7,2.2,3.4,1.1,0.1,1.6,0.0,197
Michael Anderson,36,20.3,5.7,2.0,4.9,41.7,0.0,0.2,14.3,1.6,2.3,69.5,1.2,1.3,2.5,4.3,1.2,0.1,2.3,0.0,198
Michael Anderson,65,18.5,7.4,2.9,5.8,50.1,0.0,0.1,0.0,1.5,2.7,57.1,1.8,2.7,4.5,1.0,1.0,0.3,1.2,0.0,199
Vinny Del Negro,80,19.5,7.1,3.0,6.3,47.5,0.1,0.3,30.0,1.1,1.3,85.0,0.6,1.5,2.1,2.6,0.8,0.2,1.0,1.0,200
Kelvin Upshaw,32,19.3,6.8,3.1,6.6,46.7,0.1,0.5,20.0,0.6,0.8,69.2,0.3,1.2,1.5,3.7,0.8,0.1,1.7,0.0,201
Derrick Chievous,81,19.0,9.3,3.4,7.8,43.7,0.1,0.3,20.8,2.4,3.0,78.3,1.4,1.8,3.2,1.0,0.6,0.1,1.7,0.0,202
Ledell Eackles,80,18.2,11.5,4.0,9.2,43.4,0.1,0.5,22.5,3.4,4.3,78.6,1.3,1.0,2.3,1.5,0.5,0.1,1.6,1.0,203
Harvey Grant,71,16.8,5.6,2.5,5.5,46.4,0.0,0.0,0.0,0.5,0.8,59.6,1.1,1.2,2.3,1.1,0.5,0.4,0.4,1.0,204
Rod Strickland,81,16.8,8.9,3.3,7.0,46.7,0.2,0.7,32.2,2.1,2.9,74.5,0.6,1.3,2.0,3.9,1.2,0.0,1.8,1.0,205
Scott Brooks,82,16.7,5.2,1.9,4.5,42.0,0.7,1.9,35.9,0.7,0.8,88.4,0.2,0.9,1.1,3.7,0.8,0.0,0.8,1.0,206
Todd Mitchell,24,14.7,5.1,1.8,4.0,44.3,0.0,0.0,0.0,1.5,2.7,57.8,0.8,1.3,2.1,0.9,0.7,0.1,1.4,0.0,207
John Shasky,65,14.5,5.5,1.9,3.8,48.8,0.0,0.0,0.0,1.8,2.6,68.9,1.5,2.1,3.6,0.3,0.2,0.2,0.7,0.0,208
Mark Bryant,56,14.3,5.0,2.1,4.4,48.6,0.0,0.0,0.0,0.7,1.2,58.0,1.2,2.0,3.2,0.6,0.4,0.1,0.7,1.0,209
Mark Bryant,36,7.0,1.6,0.7,1.6,43.1,0.0,0.0,0.0,0.3,0.4,69.2,0.7,1.2,1.9,0.2,0.1,0.1,0.3,1.0,210
Shelton Jones,51,13.4,4.8,1.8,4.1,44.5,0.0,0.0,0.0,1.1,1.6,72.5,0.6,1.6,2.2,0.8,0.4,0.3,0.9,0.0,211
Eric Leckner,75,10.4,4.3,1.6,2.9,54.5,0.0,0.0,0.0,1.1,1.5,69.9,0.6,2.0,2.7,0.2,0.1,0.3,0.9,1.0,212
Jerome Lane,54,10.2,4.8,2.0,4.7,42.6,0.0,0.1,0.0,0.8,2.1,38.4,1.6,2.1,3.7,1.1,0.4,0.1,0.9,1.0,213
Tim Perry,62,9.9,4.1,1.7,3.2,53.7,0.0,0.1,25.0,0.6,1.0,61.5,1.0,1.1,2.1,0.3,0.3,0.5,0.6,1.0,214
Jim Les,82,9.5,1.7,0.5,1.6,30.1,0.0,0.2,7.1,0.7,0.9,78.1,0.3,0.8,1.1,2.6,0.3,0.1,1.1,1.0,215
Craig Neal,53,9.4,2.2,0.8,2.3,36.6,0.2,0.6,29.4,0.3,0.4,60.9,0.1,0.4,0.5,2.2,0.5,0.1,1.0,0.0,216
David Rivers,47,9.4,2.9,1.0,2.6,40.2,0.0,0.1,16.7,0.7,0.9,83.3,0.3,0.6,0.9,2.3,0.5,0.2,1.3,0.0,217
John Starks,36,8.8,4.1,1.4,3.5,40.8,0.3,0.7,38.5,0.9,1.4,65.4,0.4,0.7,1.1,0.8,0.6,0.1,1.1,1.0,218
Andrew Lang,62,8.5,2.6,1.0,1.9,51.3,0.0,0.0,0.0,0.6,1.0,65.0,0.9,1.5,2.4,0.1,0.3,0.8,0.5,1.0,219
Bill Jones,37,8.3,3.5,1.4,2.8,49.0,0.0,0.0,0.0,0.8,1.2,67.4,0.5,0.7,1.3,0.5,0.5,0.2,0.5,0.0,220
Charles Shackleford,60,8.1,3.1,1.4,2.8,49.4,0.0,0.0,0.0,0.4,0.7,50.0,0.8,1.7,2.6,0.4,0.3,0.3,0.5,1.0,221
Morlon Wiley,51,8.0,2.2,0.9,2.2,40.4,0.1,0.5,25.0,0.3,0.3,81.3,0.3,0.7,0.9,1.5,0.5,0.1,0.7,1.0,222
Randolph Keys,42,7.9,4.0,1.8,4.1,43.0,0.0,0.2,10.0,0.5,0.7,69.0,0.5,0.8,1.3,0.5,0.3,0.1,0.5,1.0,223
Mark Davis,33,7.8,3.8,1.5,3.1,48.0,0.0,0.3,10.0,0.8,1.0,82.4,0.5,0.6,1.1,0.4,0.4,0.1,0.4,1.0,224
Mark Davis,33,7.8,3.8,1.5,3.1,48.0,0.0,0.3,10.0,0.8,1.0,82.4,0.5,0.6,1.1,0.4,0.4,0.1,0.4,0.0,225
Mark Davis,57,10.0,3.3,1.0,2.6,36.9,0.1,0.2,30.8,1.3,2.0,63.8,1.0,1.2,2.2,0.8,0.7,0.4,1.2,1.0,226
Mark Davis,57,10.0,3.3,1.0,2.6,36.9,0.1,0.2,30.8,1.3,2.0,63.8,1.0,1.2,2.2,0.8,0.7,0.4,1.2,0.0,227
Troy Williams,24,17.4,5.3,2.1,5.1,41.8,0.4,1.7,24.4,0.6,1.0,60.0,0.3,1.6,1.8,0.8,1.0,0.4,1.1,0.0,228
Hollis Thompson,77,22.6,6.0,2.2,4.8,46.0,0.9,2.2,40.1,0.7,0.9,71.2,0.9,2.3,3.2,0.9,0.7,0.2,0.8,0.0,229
Ron Grandison,72,7.3,2.5,0.8,2.0,41.5,0.0,0.1,0.0,0.8,1.1,73.8,0.7,0.6,1.3,0.6,0.3,0.0,0.5,0.0,230
Micheal Williams,49,7.3,2.6,1.0,2.6,36.4,0.0,0.2,22.2,0.6,1.0,66.0,0.2,0.4,0.6,1.4,0.3,0.1,0.9,1.0,231
Anthony Frederick,46,6.8,3.3,1.4,2.7,50.4,0.0,0.1,40.0,0.5,0.7,70.6,0.6,0.6,1.1,0.4,0.3,0.1,0.7,0.0,232
Avery Johnson,43,6.8,1.6,0.7,1.9,34.9,0.0,0.2,11.1,0.2,0.4,56.3,0.3,0.3,0.6,1.7,0.5,0.1,0.4,1.0,233
Everette Stephens,35,6.0,1.9,0.7,2.1,31.9,0.1,0.3,20.0,0.5,0.6,77.3,0.3,0.3,0.7,1.1,0.3,0.1,0.8,0.0,234
Jack Haley,51,5.7,2.2,0.7,1.5,47.4,0.0,0.0,0.0,0.7,0.9,78.3,0.4,1.0,1.4,0.2,0.2,0.0,0.5,1.0,235
Duane Ferrell,41,5.6,2.4,0.9,2.0,42.2,0.0,0.0,0.0,0.7,1.1,68.2,0.5,0.5,1.0,0.2,0.2,0.1,0.3,1.0,236
Mark Jackson,82,39.6,13.6,5.3,12.4,43.2,0.4,1.5,25.4,2.5,3.2,77.4,1.5,3.4,4.8,10.6,2.5,0.1,3.1,1.0,237
Kenny Smith,61,35.6,13.8,5.4,11.4,47.7,0.2,0.6,30.8,2.7,3.3,81.9,0.7,1.6,2.3,7.1,1.5,0.1,3.0,1.0,238
Nate Wolters,58,22.6,7.2,2.9,6.7,43.7,0.3,1.1,29.0,1.0,1.6,65.6,0.6,2.0,2.6,3.2,0.6,0.3,1.0,0.0,239
Armen Gilliam,55,32.9,14.8,6.2,13.1,47.5,0.0,0.0,0.0,2.4,3.5,67.9,2.4,5.5,7.9,1.3,1.1,0.5,2.2,1.0,240
Winston Garland,67,31.7,12.4,5.1,11.6,43.9,0.2,0.6,33.3,2.1,2.3,87.9,1.0,2.4,3.4,6.4,1.7,0.1,2.5,1.0,241
Joe Wolf,42,27.1,7.6,3.2,8.0,40.7,0.1,0.4,20.0,1.1,1.3,83.3,1.2,3.2,4.5,2.3,0.9,0.4,1.8,1.0,242
Reggie Williams,35,24.5,10.4,4.3,12.2,35.6,0.4,1.7,22.4,1.4,1.9,72.7,1.6,1.8,3.4,1.7,0.8,0.6,1.8,1.0,243
Reggie Williams,35,24.5,10.4,4.3,12.2,35.6,0.4,1.7,22.4,1.4,1.9,72.7,1.6,1.8,3.4,1.7,0.8,0.6,1.8,1.0,244
Greg Anderson,82,24.2,11.7,4.6,9.2,50.1,0.0,0.1,20.0,2.4,4.0,60.4,2.0,4.3,6.3,1.0,0.7,1.5,1.7,1.0,245
Kevin Johnson,80,24.0,9.2,3.4,7.5,46.1,0.1,0.3,20.8,2.2,2.6,83.9,0.5,1.9,2.4,5.5,1.3,0.3,1.8,1.0,246
Horace Grant,81,22.6,7.7,3.1,6.3,50.1,0.0,0.0,0.0,1.4,2.2,62.6,1.9,3.6,5.5,1.1,0.6,0.7,1.1,1.0,247
Reggie Miller*,82,22.4,10.0,3.7,7.6,48.8,0.7,2.1,35.5,1.8,2.3,80.1,1.2,1.2,2.3,1.6,0.7,0.2,1.2,1.0,248
Dennis Hopson,61,22.4,9.6,3.6,9.0,40.4,0.2,0.7,26.7,2.1,2.9,74.0,1.0,1.3,2.3,1.9,0.9,0.4,1.9,1.0,249
Ken Norman,66,21.7,8.6,3.7,7.6,48.2,0.0,0.2,0.0,1.3,2.6,51.2,1.5,2.5,4.0,1.2,0.7,0.5,1.6,1.0,250
Ryan Kelly,59,22.2,8.0,2.7,6.3,42.3,0.8,2.4,33.8,1.9,2.3,81.5,0.7,3.0,3.7,1.6,0.5,0.8,0.8,0.0,251
Scottie Pippen*,79,20.9,7.9,3.3,7.1,46.3,0.1,0.3,17.4,1.3,2.2,57.6,1.5,2.3,3.8,2.1,1.1,0.7,1.7,1.0,252
Derrick McKey,82,20.8,8.5,3.1,6.3,49.1,0.1,0.4,36.7,2.1,2.7,77.2,1.4,2.6,4.0,1.3,0.8,0.8,1.3,1.0,253
Muggsy Bogues,79,20.6,5.0,2.1,5.4,39.0,0.0,0.2,18.8,0.7,0.9,78.4,0.4,1.3,1.7,5.1,1.6,0.0,1.3,1.0,254
Tellis Frank,78,20.5,8.1,3.1,7.2,42.8,0.0,0.0,0.0,1.9,2.7,72.5,1.2,3.0,4.2,1.4,0.7,0.3,1.4,1.0,255
Ricky Wilson,24,17.5,5.2,1.8,4.6,39.1,0.4,1.1,38.5,1.2,1.7,72.5,0.1,1.0,1.1,2.9,1.0,0.1,1.0,0.0,256
Dave Hoppen,39,16.5,5.7,2.2,4.7,45.9,0.0,0.0,0.0,1.4,1.6,87.1,1.5,3.0,4.5,0.8,0.3,0.1,0.9,1.0,257
Dallas Comegys,75,15.0,5.6,2.1,4.8,43.0,0.0,0.0,0.0,1.4,2.0,70.7,0.7,2.2,2.9,0.9,0.5,0.9,1.6,0.0,258
Mark Acres,79,14.6,3.6,1.4,2.6,53.2,0.0,0.0,0.0,0.9,1.4,64.0,1.3,2.1,3.4,0.5,0.4,0.3,0.7,1.0,259
Michael Jackson,58,13.1,2.7,1.1,2.9,37.4,0.1,0.4,24.0,0.4,0.6,71.9,0.3,0.7,1.0,3.1,0.3,0.1,1.0,0.0,260
Tony White,49,11.9,5.3,2.3,5.1,44.6,0.0,0.1,0.0,0.8,1.1,72.2,0.2,0.4,0.6,1.2,0.4,0.0,1.0,0.0,261
Brad Lohaus,70,10.3,4.2,1.7,3.5,49.6,0.0,0.2,23.1,0.7,0.9,80.6,0.7,1.3,2.0,0.7,0.3,0.6,0.8,1.0,262
Milt Wagner,40,9.5,3.8,1.6,3.7,42.2,0.1,0.3,20.0,0.7,0.7,89.7,0.1,0.6,0.7,1.5,0.1,0.1,0.6,0.0,263
Chris Dudley,55,9.3,3.1,1.2,2.5,47.4,0.0,0.0,0.0,0.7,1.3,56.3,1.3,1.3,2.6,0.4,0.2,0.3,0.6,1.0,264
Clinton Wheeler,59,8.7,2.5,1.1,2.2,47.0,0.0,0.0,0.0,0.4,0.6,73.5,0.3,0.4,0.7,1.7,0.6,0.0,0.9,0.0,265
Billy Donovan,44,8.3,2.4,1.0,2.5,40.4,0.0,0.2,0.0,0.4,0.5,81.0,0.1,0.5,0.6,2.0,0.4,0.0,0.9,0.0,266
Reggie Lewis,49,8.3,4.5,1.8,3.9,46.6,0.0,0.1,0.0,0.8,1.2,70.2,0.6,0.7,1.3,0.5,0.3,0.3,0.6,1.0,267
Martin Nessley,44,7.6,1.1,0.5,1.2,38.5,0.0,0.0,0.0,0.2,0.4,44.4,0.5,1.3,1.9,0.4,0.2,0.3,0.5,0.0,268
John Stroeder,41,6.6,1.9,0.7,1.9,36.7,0.0,0.0,0.0,0.5,0.7,66.7,0.6,1.1,1.7,0.5,0.1,0.3,0.6,0.0,269
Bart Kofoed,36,6.3,1.3,0.5,1.3,37.5,0.1,0.2,28.6,0.2,0.4,61.5,0.1,0.3,0.4,0.6,0.2,0.0,0.5,1.0,270
Ray McCallum,45,19.9,6.2,2.5,6.7,37.7,0.5,1.3,37.3,0.7,1.0,74.4,0.4,1.4,1.8,2.7,0.5,0.2,0.9,0.0,271
Ralph Lewis,50,6.2,1.7,0.5,1.7,31.0,0.0,0.0,0.0,0.6,1.0,60.4,0.3,0.7,1.0,0.3,0.3,0.1,0.4,0.0,272
Ron Harper,82,37.4,22.9,9.0,19.7,45.5,0.2,1.1,21.3,4.7,6.9,68.4,2.1,2.7,4.8,4.8,2.5,1.0,4.2,1.0,273
Chuck Person,82,36.0,18.8,7.7,16.6,46.8,0.6,1.7,35.5,2.7,3.6,74.7,2.0,6.2,8.3,3.6,1.1,0.2,2.6,1.0,274
Hot Rod Williams,80,33.9,14.6,5.4,11.2,48.5,0.0,0.0,0.0,3.7,5.0,74.5,2.8,5.1,7.9,1.9,0.7,2.1,1.7,1.0,275
Brad Daugherty,80,33.7,15.7,6.1,11.3,53.8,0.0,0.0,0.0,3.5,5.0,69.6,1.9,6.2,8.1,3.8,0.6,0.8,3.1,1.0,276
Nate McMillan,71,27.8,5.3,2.0,4.2,47.5,0.0,0.1,0.0,1.2,2.0,61.7,1.4,3.2,4.7,8.2,1.8,0.6,2.2,1.0,277
Kenny Walker,68,25.3,10.4,4.2,8.5,49.1,0.0,0.1,0.0,2.1,2.7,75.7,1.7,3.2,5.0,1.1,0.7,0.7,1.1,1.0,278
Walter Berry,63,25.2,15.9,6.5,12.2,53.1,0.0,0.0,0.0,3.0,4.6,64.9,2.2,2.7,4.9,1.7,0.6,0.6,2.4,0.0,279
John Williams,78,22.7,9.2,3.6,8.0,45.4,0.1,0.5,22.2,1.8,2.9,64.6,1.7,3.0,4.7,2.4,1.6,0.4,1.6,1.0,280
Kentavious Caldwell-Pope,80,19.8,5.9,2.3,5.8,39.6,0.7,2.3,31.9,0.6,0.8,77.0,0.5,1.5,2.0,0.7,0.9,0.1,0.3,0.0,281
Brad Sellers,80,21.9,8.5,3.5,7.6,45.5,0.0,0.1,20.0,1.6,2.2,72.8,1.9,2.7,4.7,1.3,0.6,0.8,1.1,1.0,282
David Wingate,77,20.9,8.8,3.4,7.8,43.0,0.2,0.7,25.0,1.9,2.6,74.1,0.9,1.1,2.0,2.0,1.2,0.3,1.7,1.0,283
Johnny Dawkins,81,20.8,10.3,4.1,9.4,43.7,0.2,0.6,29.8,1.9,2.4,80.1,0.7,1.4,2.1,3.6,0.8,0.0,1.5,1.0,284
William Bedford,50,19.6,6.7,2.8,7.2,39.7,0.0,0.0,0.0,1.0,1.7,58.1,1.6,3.3,4.9,1.1,0.4,0.7,1.7,1.0,285
Jeff Hornacek,80,19.5,5.3,2.0,4.4,45.4,0.2,0.5,27.9,1.2,1.5,77.7,0.5,1.8,2.3,4.5,0.9,0.1,1.9,1.0,286
Roy Tarpley,75,18.7,7.5,3.1,6.7,46.7,0.0,0.0,33.3,1.3,1.9,67.6,2.4,4.7,7.1,0.7,0.8,1.1,1.4,1.0,287
Mark Price,67,18.2,6.9,2.6,6.3,40.8,0.3,1.0,32.9,1.4,1.7,83.3,0.5,1.3,1.7,3.0,0.6,0.1,1.6,1.0,288
John Salley,82,17.8,5.3,2.0,3.5,56.2,0.0,0.0,0.0,1.3,2.1,61.4,1.3,2.3,3.6,0.7,0.5,1.5,0.9,1.0,289
Mark Alarie,64,17.3,7.9,3.4,6.9,49.0,0.0,0.1,22.2,1.0,1.6,66.3,1.1,2.2,3.3,1.2,0.3,0.4,0.9,1.0,290
Ben Coleman,68,15.1,6.6,2.7,4.6,58.1,0.0,0.0,0.0,1.3,1.8,72.7,1.5,2.8,4.2,0.5,0.5,0.5,1.4,1.0,291
Dennis Rodman*,77,15.0,6.5,2.8,5.1,54.5,0.0,0.0,0.0,1.0,1.6,58.7,2.1,2.2,4.3,0.7,0.5,0.6,1.2,1.0,292
Larry Krystkowiak,68,14.8,6.6,2.5,5.5,45.6,0.0,0.2,8.3,1.6,2.2,74.3,1.1,2.4,3.5,1.3,0.3,0.2,1.0,1.0,293
Kenny Gattison,77,14.3,5.2,1.9,4.0,47.6,0.0,0.0,0.0,1.4,2.2,63.2,1.1,2.4,3.5,0.5,0.3,0.4,1.1,1.0,294
Tim Kempton,66,14.2,4.4,1.5,3.1,47.1,0.0,0.0,0.0,1.4,2.1,69.3,1.1,1.9,2.9,0.8,0.6,0.2,0.7,1.0,295
Harold Pressley,67,13.6,4.6,2.0,4.7,42.3,0.1,0.4,25.0,0.5,0.7,72.9,1.0,1.6,2.6,1.8,0.6,0.3,0.9,0.0,296
Kevin Duckworth,65,13.5,5.4,2.0,4.2,47.6,0.0,0.0,0.0,1.4,2.1,68.7,1.2,2.3,3.4,0.4,0.3,0.3,1.2,1.0,297
Anthony Jones,65,13.2,5.0,2.0,5.0,41.3,0.1,0.3,35.0,0.8,1.0,76.9,0.6,1.0,1.6,1.1,0.7,0.3,0.8,0.0,298
Mike Brown,62,13.2,4.2,1.7,3.2,52.7,0.0,0.0,0.0,0.7,1.2,63.9,1.1,2.3,3.5,0.4,0.3,0.1,0.9,1.0,299
Grant Gondrezick,64,13.1,5.5,2.1,4.7,45.0,0.1,0.3,23.5,1.2,1.7,70.1,0.7,1.0,1.7,1.3,0.4,0.1,0.9,0.0,300
Billy Thompson,59,12.9,5.6,2.4,4.4,54.4,0.0,0.0,0.0,0.8,1.3,64.9,1.2,1.7,2.9,1.0,0.3,0.5,1.0,1.0,301
Mason Plumlee,70,18.2,7.4,2.8,4.3,65.9,0.0,0.0,0.0,1.7,2.8,62.6,1.4,3.0,4.4,0.9,0.7,0.8,1.1,0.0,302
Rafael Addison,62,11.5,5.8,2.4,5.3,44.1,0.3,0.8,32.0,0.8,1.0,79.7,0.7,1.0,1.7,0.7,0.4,0.1,0.9,1.0,303
Chris Washburn,35,11.0,3.8,1.6,4.1,39.3,0.0,0.0,0.0,0.5,1.5,35.3,1.0,1.9,2.9,0.5,0.2,0.2,1.1,0.0,304
Keith Smith,42,11.0,3.3,1.4,3.6,38.0,0.1,0.2,33.3,0.5,0.7,75.0,0.3,0.5,0.8,1.0,0.6,0.1,0.7,0.0,305
Johnny Newman,59,10.7,5.0,1.9,4.7,41.1,0.0,0.4,4.5,1.1,1.3,86.8,0.6,0.6,1.2,0.5,0.3,0.1,0.8,1.0,306
Johnny Rogers,45,10.4,4.2,2.0,4.1,48.6,0.0,0.1,0.0,0.2,0.3,60.0,0.7,1.0,1.7,0.6,0.2,0.2,0.4,0.0,307
Dell Curry,67,9.5,4.9,2.1,4.9,42.6,0.3,0.9,28.3,0.4,0.6,78.9,0.4,0.7,1.2,0.9,0.4,0.1,0.7,1.0,308
Buck Johnson,60,8.7,3.8,1.6,3.4,46.8,0.0,0.0,0.0,0.7,1.0,69.0,0.6,0.8,1.5,0.7,0.3,0.3,0.6,1.0,309
Clinton Smith,41,8.3,3.1,1.2,2.9,42.7,0.0,0.0,0.0,0.7,0.9,75.0,0.6,0.7,1.4,1.1,0.3,0.0,0.6,0.0,310
Dave Feitl,62,8.0,3.7,1.4,3.3,43.6,0.0,0.0,0.0,0.9,1.1,74.6,0.6,1.3,1.9,0.4,0.1,0.1,0.6,1.0,311
Bob Martin,43,6.7,3.4,1.2,3.1,37.8,0.1,0.3,20.0,1.0,1.5,63.6,0.3,0.7,1.0,0.8,0.3,0.1,0.8,0.0,312
Bob Martin,53,10.1,2.1,0.8,1.7,45.5,0.0,0.0,0.0,0.6,1.0,60.8,0.7,1.5,2.2,0.3,0.1,0.6,0.6,0.0,313
Conner Henry,54,6.0,2.3,0.9,2.5,33.8,0.2,0.8,31.0,0.3,0.5,63.0,0.1,0.5,0.6,0.6,0.2,0.0,0.5,0.0,314
Patrick Ewing,50,35.4,20.0,7.7,16.3,47.4,0.0,0.1,0.0,4.5,6.1,73.9,2.5,6.5,9.0,2.0,1.1,2.1,3.4,0.0,315
Xavier McDaniel,82,33.0,17.1,7.0,14.3,49.0,0.0,0.1,20.0,3.0,4.4,68.7,3.7,4.2,8.0,2.4,1.2,0.5,3.0,1.0,316
Karl Malone*,81,30.6,14.9,6.2,12.5,49.6,0.0,0.0,0.0,2.4,5.0,48.1,2.1,6.7,8.9,2.9,1.3,0.5,3.4,1.0,317
Wayman Tisdale,81,28.1,14.7,6.4,12.4,51.5,0.0,0.0,0.0,2.0,2.9,68.4,2.4,4.9,7.2,1.0,0.4,0.5,2.3,1.0,318
Benoit Benjamin,79,26.4,11.1,4.1,8.4,49.0,0.0,0.0,33.3,2.9,3.9,74.6,2.0,5.6,7.6,1.0,0.8,2.6,1.8,1.0,319
Chris Mullin*,55,25.3,14.0,5.2,11.3,46.3,0.1,0.5,18.5,3.4,3.8,89.6,0.8,1.3,2.1,1.9,1.3,0.4,1.4,1.0,320
Gerald Wilkins,81,25.0,12.5,5.4,11.5,46.8,0.1,0.3,28.0,1.6,2.9,55.7,1.1,1.4,2.6,2.0,0.8,0.1,1.9,1.0,321
Joe Dumars*,82,23.9,9.4,3.5,7.3,48.1,0.1,0.2,31.3,2.3,2.9,79.8,0.7,0.7,1.5,4.8,0.8,0.1,1.9,1.0,322
Cody Zeller,82,17.3,6.0,2.1,4.9,42.6,0.0,0.0,0.0,1.8,2.4,73.0,1.4,2.9,4.3,1.1,0.5,0.5,1.1,0.0,323
Charles Oakley,77,23.0,9.6,3.6,7.0,51.9,0.0,0.0,0.0,2.3,3.5,66.2,3.3,5.3,8.6,1.7,0.9,0.4,2.3,1.0,324
Jon Koncak,82,20.7,8.3,3.2,6.3,50.7,0.0,0.0,0.0,1.9,3.1,60.7,2.1,3.6,5.7,0.7,0.5,0.8,1.4,1.0,325
Keith Lee,58,20.6,7.4,3.1,6.6,46.6,0.0,0.2,22.2,1.3,1.7,78.1,2.0,4.1,6.1,1.2,0.5,0.6,1.3,0.0,326
Ed Pinckney,80,20.0,8.5,3.2,5.7,55.8,0.0,0.0,0.0,2.1,3.2,67.3,1.2,2.7,3.9,1.1,0.9,0.5,1.9,1.0,327
A.C. Green,82,18.8,6.4,2.5,4.7,53.9,0.0,0.1,16.7,1.2,2.0,61.1,2.0,2.7,4.6,0.7,0.6,0.6,1.2,1.0,328
Bob Thornton,71,18.6,4.7,1.8,3.9,45.6,0.0,0.0,0.0,1.2,2.3,53.1,1.6,2.5,4.1,0.6,0.4,0.1,1.2,1.0,329
Terry Catledge,64,17.1,7.7,3.2,6.7,46.9,0.0,0.1,0.0,1.4,2.2,64.7,1.7,2.6,4.3,0.3,0.5,0.1,1.1,1.0,330
Spud Webb,79,15.6,7.8,2.5,5.2,48.3,0.0,0.1,18.2,2.7,3.5,78.5,0.3,1.2,1.6,4.3,1.0,0.1,2.0,1.0,331
Terry Porter,79,15.4,7.1,2.7,5.7,47.4,0.2,0.5,31.0,1.6,2.0,80.6,0.4,1.0,1.5,2.5,1.0,0.0,1.3,1.0,332
Marquese Chriss,34,17.1,7.0,2.7,6.3,42.7,0.6,2.1,31.0,1.0,1.7,59.6,1.1,2.2,3.3,0.5,0.5,0.5,1.2,0.0,333
Nick Calathes,71,16.5,4.9,2.0,4.4,45.7,0.3,0.9,31.1,0.6,1.0,61.1,0.3,1.6,1.9,2.9,0.9,0.1,1.4,0.0,334
Carey Scurry,78,15.0,4.7,1.8,3.9,47.2,0.0,0.1,9.1,1.0,1.6,61.9,1.2,1.9,3.1,1.1,1.0,0.8,1.2,0.0,335
Dirk Minniefield,76,14.9,5.5,2.2,4.6,48.1,0.1,0.5,27.0,1.0,1.2,78.5,0.6,1.2,1.7,3.5,0.9,0.0,1.4,0.0,336
Joe Kleine,80,14.8,5.2,2.0,4.3,46.5,0.0,0.0,0.0,1.2,1.6,72.3,1.4,3.3,4.7,0.6,0.3,0.4,1.3,1.0,337
Alfredrick Hughes,68,12.7,5.2,2.2,5.5,40.9,0.0,0.3,17.6,0.7,1.2,58.3,0.7,0.9,1.7,0.9,0.4,0.1,0.9,0.0,338
Ken Johnson,64,12.7,4.1,1.8,3.3,52.8,0.0,0.0,,0.6,1.3,43.5,1.4,2.4,3.8,0.3,0.2,0.3,0.9,0.0,339
Ken Johnson,64,12.7,4.1,1.8,3.3,52.8,0.0,0.0,,0.6,1.3,43.5,1.4,2.4,3.8,0.3,0.2,0.3,0.9,0.0,340
